Segment,Recency,Frequency,Monetary
At Risk Customers,7.384615384615385,82.53846153846153,127187.95923076922
Frequent Buyers,15.5,22.333333333333332,12690.500392156862
High Value Customers,43.7026850032744,3.682711198428291,1353.6253120497709
Regular Customers,248.0759137769447,1.5520149953139644,478.8487731958763
