KMeans_Cluster,danceability,energy,loudness,speechiness,acousticness,instrumentalness,liveness,valence,tempo,duration_ms,popularity
0,0.48449477755665404,0.8053747927264556,-6.112393143737562,0.0775458817487321,0.06291596250497529,0.24915155166463376,0.19005396738781538,0.31288854850099507,136.07228830968737,264493.4680939847,34.645663478205044
1,0.6903583208757293,0.7373162222115061,-6.264976997637073,0.09166817524232049,0.18681735399406857,0.04540747271013165,0.16769426170612914,0.6876772773303756,120.73864305347928,209580.97588850846,31.90119110768192
2,0.3593065080135988,0.18894840733365711,-20.58671527440505,0.0521808644973288,0.8334656228254007,0.7700389020932492,0.16281830985915494,0.18948671090335115,103.83394062651772,221340.0132345799,27.603569694026227
3,0.5443339183888057,0.3885271533263234,-10.45663909896065,0.05569334330893356,0.6642196615804586,0.05144498708901201,0.15840886075949367,0.40514174424717914,113.40912492417196,212976.60423828205,35.19193594046993
4,0.5316177450047573,0.7473432637369173,-7.509439581351095,0.19334908420551855,0.34518647071836345,0.0630627561952902,0.7387140818268316,0.49905264391056137,121.14185787345386,234764.9517126546,34.40033301617507
